CME IDX,FLARE_IDX,Other associations,SEP_IDX,GOES Flare Class,GOES Estimated Flare Class for STIX,Start Time (Observer),Observer,Start time (1 AU),Start time (Sun),Central Position Angle (degrees),Angular Width (degrees),Speed (km/s),Acceleration (m/s2),Mass (g),Kinetic Energy (erg)
CME0000,,,SEP0010,,,2021-07-13 19:00:05,LASCO,2021-07-13 19:00:05,2021-07-13 18:51:45,Halo,360,1101,-54.5*,5.2e+15*,3.1e+31*
CME0001,FLARE0001,,SEP0011,,M5,2021-07-15 21:36:05,LASCO,2021-07-15 21:36:05,2021-07-15 21:27:45,Halo,360,1476,-60.3,1.3e+16*,1.4e+32*
CME0002,,,SEP0012,,,2021-07-17 05:24:05,LASCO,2021-07-17 05:24:05,2021-07-17 05:15:45,Halo,360,1228,-43.6,6.6e+15*,5.0e+31*
CME0003,,,,,,2021-08-29 20:24:05,LASCO,2021-08-29 20:24:05,2021-08-29 20:15:45,259,87,1060,-1.1,1.4e+15,8.0e+30
CME0004,,,SEP0013,,,2021-09-17 04:28:22,LASCO,2021-09-17 04:28:22,2021-09-17 04:20:02,174,264,1349,-106.7,3.9e+15*,3.5e+31*
CME0005,,,,,,2021-09-26 03:12:09,LASCO,2021-09-26 03:12:09,2021-09-26 03:03:49,253,36,1046,21.8,3.4e+14,1.9e+30
CME0006,FLARE0002,,SEP0016,X1.0,,2021-10-28 15:48:05,LASCO,2021-10-28 15:48:05,2021-10-28 15:39:45,Halo,360,1519,-61.1,2.9e+16*,3.3e+32*
CME0007,,,,,,2021-10-29 19:00:05,LASCO,2021-10-29 19:00:05,2021-10-29 18:51:45,245,54,1005,21.2,1.6e+15,8.3e+30
CME0008,,,,,,2021-11-02 02:48:05,LASCO,2021-11-02 02:48:05,2021-11-02 02:39:45,Halo,360,1473,-31.1,6.1e+15*,6.6e+31*
CME0009,,,SEP0018,,,2021-11-09 16:48:06,LASCO,2021-11-09 16:48:06,2021-11-09 16:39:46,279,176,1350,-25.7,6.9e+15*,6.3e+31*
CME0010,,,,,,2022-01-01 17:48:05,LASCO,2022-01-01 17:48:05,2022-01-01 17:39:45,327,77,1013,21.6*,2.7e+15,1.4e+31
CME0011,,,,,,2022-01-09 23:12:06,LASCO,2022-01-09 23:12:06,2022-01-09 23:03:46,Halo,360,1283,-1.2,3.1e+15*,2.6e+31*
CME0012,,,,,,2022-01-10 23:33:47,LASCO,2022-01-10 23:33:47,2022-01-10 23:25:27,166,273,1236,64.9,3.4e+15*,2.6e+31*
CME0013,,,,,,2022-01-12 04:36:05,LASCO,2022-01-12 04:36:05,2022-01-12 04:27:45,Halo,360,1586,-40.8,6.9e+15*,8.7e+31*
CME0014,,,,,,2022-01-13 21:30:05,LASCO,2022-01-13 21:30:05,2022-01-13 21:21:45,107,66,1339,158.1*,2.8e+13,2.5e+29
CME0015,,,,C4.3,,2022-01-14 13:36:28,LASCO,2022-01-14 13:36:28,2022-01-14 13:28:08,Halo,360,1341,-42.1,9.7e+15*,8.7e+31*
CME0016,,,,M1.5,,2022-01-18 17:48:05,LASCO,2022-01-18 17:48:05,2022-01-18 17:39:45,294,153,1014,-57.8,3.6e+15*,1.8e+31*
CME0017,FLARE0004,,SEP0021,M5.5,,2022-01-20 06:12:06,LASCO,2022-01-20 06:12:06,2022-01-20 06:03:46,270,211,1431,-55.4,6.8e+15*,7.0e+31*
CME0018,,,SEP0022,,,2022-02-15 22:12:05,LASCO,2022-02-15 22:12:05,2022-02-15 22:03:45,Halo,360,1905,-62.3,1.6e+16*,3.0e+32*
CME0019,,,SEP0029,M3.9,,2022-04-02 13:36:05,LASCO,2022-04-02 13:36:05,2022-04-02 13:27:45,Halo,360,1433,-20.7,1.7e+16*,1.7e+32*
CME0020,,,,,,2022-04-13 13:25:46,LASCO,2022-04-13 13:25:46,2022-04-13 13:17:26,Halo,360,1032,-7.0,9.6e+15*,5.1e+31*
CME0021,,,SEP0032,,,2022-04-20 04:12:05,LASCO,2022-04-20 04:12:05,2022-04-20 04:03:45,251,139,1001,-26.8,3.4e+15*,1.7e+31*
CME0022,,,,M1.2,,2022-04-29 07:36:05,LASCO,2022-04-29 07:36:05,2022-04-29 07:27:45,272,245,1292,-25.2,2.7e+15*,2.2e+31*
CME0023,,,,,,2022-05-05 19:24:06,LASCO,2022-05-05 19:24:06,2022-05-05 19:15:46,85,175,1167,16.6,1.6e+15*,1.1e+31*
CME0024,,,SEP0035,,,2022-05-11 18:36:05,LASCO,2022-05-11 18:36:05,2022-05-11 18:27:45,237,194,1100,1.4,9.6e+15*,5.8e+31*
CME0025,,,,M1.3,,2022-05-25 18:36:05,LASCO,2022-05-25 18:36:05,2022-05-25 18:27:45,Halo,360,1134,-0.6,5.8e+15*,3.7e+31*
CME0026,,,,M3.4,,2022-06-13 03:12:11,LASCO,2022-06-13 03:12:11,2022-06-13 03:03:51,Halo,360,1150,17.5,2.3e+16*,1.5e+32*
CME0027,,,,,,2022-06-28 04:12:05,LASCO,2022-06-28 04:12:05,2022-06-28 04:03:45,249,17,1260,-33.7*,,
CME0028,,,,,,2022-06-28 09:12:09,LASCO,2022-06-28 09:12:09,2022-06-28 09:03:49,244,15,1127,-194.3*,,
CME0029,,,,,,2022-06-28 18:36:05,LASCO,2022-06-28 18:36:05,2022-06-28 18:27:45,259,18,1562,34.3*,,
CME0030,,,,,,2022-06-29 22:36:05,LASCO,2022-06-29 22:36:05,2022-06-29 22:27:45,279,25,1070,-2.4,1.2e+15,7.1e+30
CME0031,,,,,,2022-07-08 01:25:52,LASCO,2022-07-08 01:25:52,2022-07-08 01:17:32,213,57,1202,-24.4,3.3e+15,2.4e+31
CME0032,,,,,,2022-07-08 20:36:05,LASCO,2022-07-08 20:36:05,2022-07-08 20:27:45,Halo,360,1223,-23.3,1.2e+16*,8.8e+31*
CME0033,,,SEP0038,,,2022-07-09 13:48:05,LASCO,2022-07-09 13:48:05,2022-07-09 13:39:45,261,148,1034,-21.5,3.6e+15*,1.9e+31*
CME0034,,,,,,2022-07-10 17:48:05,LASCO,2022-07-10 17:48:05,2022-07-10 17:39:45,198,43,1241,-24.2*,1.9e+15,1.5e+31
CME0035,,,,,,2022-07-13 13:25:48,LASCO,2022-07-13 13:25:48,2022-07-13 13:17:28,269,38,1002,-29.3*,1.3e+15,6.5e+30
CME0036,,,,C1.6,,2022-07-23 19:00:05,LASCO,2022-07-23 19:00:05,2022-07-23 18:51:45,Halo,360,1026,-2.7,1.4e+16*,7.2e+31*
CME0037,,,,,,2022-07-31 23:12:10,LASCO,2022-07-31 23:12:10,2022-07-31 23:03:50,82,192,1122,-30.8,8.6e+15*,5.4e+31*
CME0038,,,,,,2022-08-06 01:36:19,LASCO,2022-08-06 01:36:19,2022-08-06 01:27:59,125,175,1133,13.1,2.6e+15*,1.7e+31*
CME0039,,,,C2.8,,2022-08-17 05:12:05,LASCO,2022-08-17 05:12:05,2022-08-17 05:03:45,245,64,1015,-43.4*,5.8e+14,3.0e+30
CME0040,,,,M1.3,,2022-08-18 11:00:05,LASCO,2022-08-18 11:00:05,2022-08-18 10:51:45,Halo,360,1327,-28.9,3.7e+15*,3.3e+31*
CME0041,,,SEP0042,M4.8,,2022-08-27 02:24:06,LASCO,2022-08-27 02:24:06,2022-08-27 02:15:46,Halo,360,1284,-12.1,8.9e+15*,7.3e+31*
CME0042,FLARE0043,,,M6.7,M7,2022-08-28 16:12:05,LASCO,2022-08-28 16:12:05,2022-08-28 16:03:45,Halo,360,1232,-21.2,1.2e+16*,9.1e+31*
CME0043,,,,,,2022-08-29 16:12:06,LASCO,2022-08-29 16:12:06,2022-08-29 16:03:46,222,21,1078,-3.3*,1.6e+14,9.4e+29
CME0044,,,,,,2022-08-29 17:00:05,LASCO,2022-08-29 17:00:05,2022-08-29 16:51:45,266,193,1112,-3.6,4.1e+15*,2.5e+31*
CME0045,,,,,,2022-08-29 19:24:05,LASCO,2022-08-29 19:24:05,2022-08-29 19:15:45,221,20,1088,-70.4*,1.5e+13,8.8e+28
CME0046,,,,,,2022-08-29 21:12:09,LASCO,2022-08-29 21:12:09,2022-08-29 21:03:49,216,27,1085,-167.9*,1.6e+14,9.3e+29
CME0047,FLARE0053,,,,X1,2022-08-30 18:12:05,LASCO,2022-08-30 18:12:05,2022-08-30 18:03:45,Halo,360,1247,12.2,1.6e+16*,1.2e+32*
CME0048,FLARE0056,,SEP0044,,M9,2022-09-05 16:36:10,LASCO,2022-09-05 16:36:10,2022-09-05 16:27:50,Halo,360,2776,,2.9e+15*,1.1e+32*
CME0049,,,,,,2022-09-22 21:12:11,LASCO,2022-09-22 21:12:11,2022-09-22 21:03:51,81,26,1236,19.9,1.5e+15,1.2e+31
CME0050,,,SEP0045,M1.7,,2022-09-23 18:12:05,LASCO,2022-09-23 18:12:05,2022-09-23 18:03:45,82,189,1776,-21.9,1.1e+16*,1.7e+32*
CME0051,,,SEP0046,C2.9,,2022-09-24 17:24:05,LASCO,2022-09-24 17:24:05,2022-09-24 17:15:45,86,123,1063,9.8,3.3e+15*,1.8e+31*
CME0052,,,,,,2022-10-01 20:24:05,LASCO,2022-10-01 20:24:05,2022-10-01 20:15:45,279,69,1122,78.7*,5.6e+14,3.5e+30
CME0053,FLARE0069,,,M8.7,,2022-10-02 02:36:05,LASCO,2022-10-02 02:36:05,2022-10-02 02:27:45,287,153,1222,20.5*,3.4e+15*,2.6e+31*
CME0054,FLARE0070,,,X1.0,,2022-10-02 20:36:05,LASCO,2022-10-02 20:36:05,2022-10-02 20:27:45,Halo,360,1086,-50.3*,6.8e+15*,4.0e+31*
CME0055,,,,C5.1,,2022-10-03 09:48:06,LASCO,2022-10-03 09:48:06,2022-10-03 09:39:46,299,81,1059,111.0*,2.2e+15,1.3e+31
CME0056,,,,C5.1,,2022-10-03 10:12:05,LASCO,2022-10-03 10:12:05,2022-10-03 10:03:45,308,44,1288,20.7*,1.2e+15,1.0e+31
CME0057,,,,C2.5,,2022-10-04 13:25:28,LASCO,2022-10-04 13:25:28,2022-10-04 13:17:08,314,67,1089,25.7,2.1e+15,1.2e+31
CME0058,,,,,,2022-10-10 16:24:05,LASCO,2022-10-10 16:24:05,2022-10-10 16:15:45,281,9,1213,-118.5*,,
CME0059,,,,,,2022-10-10 22:24:05,LASCO,2022-10-10 22:24:05,2022-10-10 22:15:45,279,21,1067,-4.0*,1.5e+14,8.5e+29
CME0060,,,,,,2022-10-11 08:36:05,LASCO,2022-10-11 08:36:05,2022-10-11 08:27:45,283,10,1074,-107.3*,,
CME0061,,,,,,2022-11-19 07:12:05,LASCO,2022-11-19 07:12:05,2022-11-19 07:03:45,59,36,1070,-32.8,5.4e+14,3.1e+30
CME0062,,,,,,2022-11-30 17:24:05,LASCO,2022-11-30 17:24:05,2022-11-30 17:15:45,300,5,1162,-57.6*,,
CME0063,,,,,,2022-12-08 06:48:05,LASCO,2022-12-08 06:48:05,2022-12-08 06:39:45,316,26,1461,-83.5,1.4e+15,1.5e+31
CME0064,,,,,,2022-12-10 02:36:05,LASCO,2022-12-10 02:36:05,2022-12-10 02:27:45,Halo,360,1106,-30.9*,2.8e+15*,1.7e+31*
CME0065,,,,,,2022-12-11 08:12:09,LASCO,2022-12-11 08:12:09,2022-12-11 08:03:49,297,100,1161,2.1*,7.3e+14,4.9e+30
CME0066,,,,,,2022-12-14 23:12:11,LASCO,2022-12-14 23:12:11,2022-12-14 23:03:51,68,122,1116,-27.1,8.7e+14*,5.5e+30*
CME0067,,,,,,2022-12-15 16:12:05,LASCO,2022-12-15 16:12:05,2022-12-15 16:03:45,84,141,1072,-44.5,2.7e+14*,1.5e+30*
CME0068,,,,,,2022-12-16 04:17:41,LASCO,2022-12-16 04:17:41,2022-12-16 04:09:21,64,107,1053,1.0,4.9e+15,2.7e+31
CME0069,,,,,,2022-12-16 05:12:05,LASCO,2022-12-16 05:12:05,2022-12-16 05:03:45,106,138,1220,-18.4,5.0e+15*,3.7e+31*
CME0070,,,,,,2022-12-17 05:48:05,LASCO,2022-12-17 05:48:05,2022-12-17 05:39:45,130,66,1019,21.5*,2.3e+14,1.2e+30
CME0071,,,,,,2022-12-17 20:00:05,LASCO,2022-12-17 20:00:05,2022-12-17 19:51:45,130,62,1215,-92.3,1.4e+15,1.0e+31
CME0072,,,,,,2022-12-20 08:48:05,LASCO,2022-12-20 08:48:05,2022-12-20 08:39:45,314,122,1112,82.2*,1.1e+15*,6.6e+30*
CME0073,FLARE0078,,,,X6,2023-01-03 06:36:05,LASCO,2023-01-03 06:36:05,2023-01-03 06:27:45,Halo,360,1129,-28.8,1.8e+16*,1.2e+32*
CME0074,,,,,,2023-01-06 01:25:51,LASCO,2023-01-06 01:25:51,2023-01-06 01:17:31,306,12,1119,69.4*,,
CME0075,,,,,,2023-01-10 15:48:05,LASCO,2023-01-10 15:48:05,2023-01-10 15:39:45,82,34,1151,-0.8,1.3e+15,8.4e+30
CME0076,,,,M2.4,,2023-01-11 01:25:53,LASCO,2023-01-11 01:25:53,2023-01-11 01:17:33,67,89,1083,-6.7,2.2e+15,1.3e+31
CME0077,,,,,,2023-01-11 08:36:05,LASCO,2023-01-11 08:36:05,2023-01-11 08:27:45,38,144,1047,10.2,7.0e+15*,3.9e+31*
CME0078,,,,,,2023-01-12 22:00:05,LASCO,2023-01-12 22:00:05,2023-01-12 21:51:45,250,198,1075,29.4,1.3e+16*,7.3e+31*
CME0079,,,,,,2023-01-19 19:48:05,LASCO,2023-01-19 19:48:05,2023-01-19 19:39:45,307,81,1073,20.2,3.7e+15,2.1e+31
CME0080,,,,,,2023-01-26 20:12:05,LASCO,2023-01-26 20:12:05,2023-01-26 20:03:45,123,31,1164,-50.5*,9.9e+14,6.7e+30
CME0081,,,,,,2023-02-01 07:54:09,LASCO,2023-02-01 07:54:09,2023-02-01 07:45:49,Halo,360,1042,-44.8*,1.4e+16*,7.4e+31*
CME0082,,,,,,2023-02-02 09:24:05,LASCO,2023-02-02 09:24:05,2023-02-02 09:15:45,298,62,1145,72.9*,9.0e+14,5.9e+30
CME0083,,,,,,2023-02-03 00:48:05,LASCO,2023-02-03 00:48:05,2023-02-03 00:39:45,93,215,1147,-19.0,6.0e+15*,3.9e+31*
CME0084,,,,,,2023-02-04 13:48:05,LASCO,2023-02-04 13:48:05,2023-02-04 13:39:45,49,12,1108,-64.6*,,
CME0085,,,,M1.0,,2023-02-11 11:12:05,LASCO,2023-02-11 11:12:05,2023-02-11 11:03:45,Halo,360,1498,-22.0,1.1e+16*,1.3e+32*
CME0086,,,,C9.0,,2023-02-16 10:48:05,LASCO,2023-02-16 10:48:05,2023-02-16 10:39:45,286,149,1549,-33.5,6.5e+15*,7.8e+31*
CME0087,FLARE0092,"FLARE0092,FLARE0093",SEP0054,X2.2,,2023-02-17 20:12:06,LASCO,2023-02-17 20:12:06,2023-02-17 20:03:46,Halo,360,1315,-10.3,3.2e+16*,2.7e+32*
CME0088,,,,M3.7,,2023-02-24 20:36:05,LASCO,2023-02-24 20:36:05,2023-02-24 20:27:45,Halo,360,1336,-15.1,4.9e+15*,4.4e+31*
CME0089,FLARE0097,,SEP0056,M6.3,,2023-02-25 19:24:05,LASCO,2023-02-25 19:24:05,2023-02-25 19:15:45,Halo,360,1170,9.4,2.2e+16*,1.5e+32*
CME0090,,,,M1.0,,2023-03-04 07:24:05,LASCO,2023-03-04 07:24:05,2023-03-04 07:15:45,267,84,1178,-21.6*,1.1e+15,7.4e+30
CME0091,,,,,,2023-03-09 12:48:07,LASCO,2023-03-09 12:48:07,2023-03-09 12:39:47,Halo,360,1030,-4.8,1.8e+16*,9.5e+31*
CME0092,,,SEP0058,,,2023-03-13 03:36:05,LASCO,2023-03-13 03:36:05,2023-03-13 03:27:45,Halo,360,1699,-67.5,1.8e+16*,2.6e+32*
CME0093,,,,,,2023-03-13 10:36:05,LASCO,2023-03-13 10:36:05,2023-03-13 10:27:45,326,123,1015,5.2,4.3e+15*,2.2e+31*
CME0094,,,,C6.4,,2023-03-17 08:03:05,LASCO,2023-03-17 08:03:05,2023-03-17 07:54:45,116,23,1020,181.5*,2.9e+14,1.5e+30
CME0095,,,,,,2023-03-19 15:10:05,LASCO,2023-03-19 15:10:05,2023-03-19 15:01:45,114,21,1132,89.7*,5.1e+13,3.3e+29
CME0096,,,,,,2023-03-24 17:48:05,LASCO,2023-03-24 17:48:05,2023-03-24 17:39:45,108,17,1025,,,
CME0097,,,,,,2023-03-25 02:24:05,LASCO,2023-03-25 02:24:05,2023-03-25 02:15:45,115,47,1335,-50.9*,1.2e+14,1.0e+30
CME0098,,,,C4.6,,2023-03-27 07:48:05,LASCO,2023-03-27 07:48:05,2023-03-27 07:39:45,234,65,1110,-26.0*,8.3e+14,5.1e+30
CME0099,,,,,,2023-03-27 14:24:05,LASCO,2023-03-27 14:24:05,2023-03-27 14:15:45,227,18,1216,-84.0*,,
CME0100,,,,,,2023-03-29 05:36:05,LASCO,2023-03-29 05:36:05,2023-03-29 05:27:45,223,11,1538,192.5*,,
CME0101,,,,,,2023-03-29 14:00:06,LASCO,2023-03-29 14:00:06,2023-03-29 13:51:46,210,15,1008,78.9*,,
CME0102,,,,,,2023-04-01 03:12:10,LASCO,2023-04-01 03:12:10,2023-04-01 03:03:50,250,169,1006,20.7,3.2e+15*,1.6e+31*
CME0103,,,,,,2023-04-01 04:36:05,LASCO,2023-04-01 04:36:05,2023-04-01 04:27:45,155,70,1025,0.3,1.9e+15,9.9e+30
CME0104,,,,,,2023-04-02 18:12:05,LASCO,2023-04-02 18:12:05,2023-04-02 18:03:45,211,16,1083,91.0*,,
CME0105,,,,,,2023-04-15 17:12:05,LASCO,2023-04-15 17:12:05,2023-04-15 17:03:45,179,40,1028,-35.0*,6.3e+14,3.3e+30
CME0106,,,SEP0061,M1.7,,2023-04-21 18:12:06,LASCO,2023-04-21 18:12:06,2023-04-21 18:03:46,Halo,360,1284,-28.1,1.6e+16*,1.3e+32*
CME0107,,,,,,2023-05-02 05:00:05,LASCO,2023-05-02 05:00:05,2023-05-02 04:51:45,Halo,360,1332,-31.7*,7.0e+14*,6.2e+30*
CME0108,,,SEP0063,,,2023-05-07 23:12:11,LASCO,2023-05-07 23:12:11,2023-05-07 23:03:51,Halo,360,1075,-12.2,7.4e+15*,4.3e+31*
CME0109,,,SEP0064,M4.2,,2023-05-09 19:00:05,LASCO,2023-05-09 19:00:05,2023-05-09 18:51:45,Halo,360,1209,-45.9,1.3e+16*,9.3e+31*
CME0110,,,,,,2023-05-12 10:48:05,LASCO,2023-05-12 10:48:05,2023-05-12 10:39:45,44,36,1117,193.7*,2.2e+14,1.3e+30
CME0111,FLARE0114,"FLARE0114,FLARE0115",SEP0065,M9.6,,2023-05-16 17:36:05,LASCO,2023-05-16 17:36:05,2023-05-16 17:27:45,Halo,360,1099,-26.9,1.5e+16*,9.0e+31*
CME0112,,,,,,2023-05-26 03:12:10,LASCO,2023-05-26 03:12:10,2023-05-26 03:03:50,244,176,1676,-36.7,2.8e+15*,4.0e+31*
CME0113,,,SEP0069,C9.1,,2023-06-01 00:36:06,LASCO,2023-06-01 00:36:06,2023-06-01 00:27:46,292,165,1565,-30.0,3.4e+15*,4.2e+31*
CME0114,FLARE0127,,,M1.1,,2023-06-20 17:12:05,LASCO,2023-06-20 17:12:05,2023-06-20 17:03:45,Halo,360,1113,-30.6,8.8e+15*,5.4e+31*
CME0115,,,,,,2023-06-23 04:24:05,LASCO,2023-06-23 04:24:05,2023-06-23 04:15:45,132,103,1925,159.2*,1.0e+15,1.9e+31
CME0116,,,SEP0071,M2.3,,2023-07-10 04:00:06,LASCO,2023-07-10 04:00:06,2023-07-10 03:51:46,Halo,360,1160,-23.4,6.2e+15*,4.2e+31*
CME0117,,,,,,2023-07-15 00:23:05,LASCO,2023-07-15 00:23:05,2023-07-15 00:14:45,235,88,1059,-193.7*,4.8e+14*,2.7e+30*
CME0118,FLARE0144,,SEP0073,,M9,2023-07-15 20:06:05,LASCO,2023-07-15 20:06:05,2023-07-15 19:57:45,Halo,360,1815,1775.5*,7.9e+14*,1.3e+31*
CME0119,FLARE0145,,,C1.9,X9,2023-07-16 04:42:05,LASCO,2023-07-16 04:42:05,2023-07-16 04:33:45,Halo,360,1970,-404.8*,4.0e+15*,7.9e+31*
CME0120,FLARE0146,"FLARE0146,FLARE0147",,C1.7,X6,2023-07-16 13:41:05,LASCO,2023-07-16 13:41:05,2023-07-16 13:32:45,Halo,360,1829,658.8*,2.2e+15*,3.7e+31*
CME0121,,,,C5.7,,2023-07-16 17:53:05,LASCO,2023-07-16 17:53:05,2023-07-16 17:44:45,205,182,1239,-119.2*,2.0e+15*,1.6e+31*
CME0122,,,,C4.3,,2023-07-17 07:16:06,LASCO,2023-07-17 07:16:06,2023-07-17 07:07:46,Halo,360,1106,-55.7,4.8e+15*,2.9e+31*
CME0123,,,,,,2023-07-17 22:54:05,LASCO,2023-07-17 22:54:05,2023-07-17 22:45:45,219,131,2075,236.7*,1.5e+15*,3.3e+31*
CME0124,FLARE0150,"FLARE0150,FLARE0151",SEP0074,,M5,2023-07-17 23:36:05,LASCO,2023-07-17 23:36:05,2023-07-17 23:27:45,Halo,360,1385,-58.4,2.9e+16*,2.8e+32*
CME0125,,,,C6.0,,2023-07-18 20:12:05,LASCO,2023-07-18 20:12:05,2023-07-18 20:03:45,Halo,360,1272,12.4,1.2e+16*,9.9e+31*
CME0126,,,,,,2023-07-19 23:12:10,LASCO,2023-07-19 23:12:10,2023-07-19 23:03:50,312,159,1167,-48.5,3.3e+15*,2.2e+31*
CME0127,FLARE0155,,SEP0075,,X1,2023-07-20 17:48:05,LASCO,2023-07-20 17:48:05,2023-07-20 17:39:45,Halo,360,1110,-22.8*,1.7e+14*,1.1e+30*
CME0128,,,,,,2023-07-24 07:24:05,LASCO,2023-07-24 07:24:05,2023-07-24 07:15:45,30,70,1110,11.1*,6.1e+13,3.7e+29
CME0129,FLARE0157,,SEP0076,C2.8,X1,2023-07-24 18:06:05,LASCO,2023-07-24 18:06:05,2023-07-24 17:57:45,Halo,360,1204,-52.4,1.4e+16*,1.0e+32*
CME0130,,,,,,2023-07-28 16:00:05,LASCO,2023-07-28 16:00:05,2023-07-28 15:51:45,Halo,360,1896,-130.0,1.2e+16*,2.1e+32*
CME0131,,,,M1.9,,2023-08-04 04:17:41,LASCO,2023-08-04 04:17:41,2023-08-04 04:09:21,Halo,360,1029,-9.7,7.4e+15*,3.9e+31*
CME0132,FLARE0159,,,X1.6,X1,2023-08-05 22:12:05,LASCO,2023-08-05 22:12:05,2023-08-05 22:03:45,Halo,360,1647,-17.2,1.6e+16*,2.1e+32*
CME0133,FLARE0160,,,M5.5,M6,2023-08-06 18:48:05,LASCO,2023-08-06 18:48:05,2023-08-06 18:39:45,242,236,1182,-38.5,1.2e+16*,8.4e+31*
CME0134,FLARE0161,"FLARE0161,FLARE0162",SEP0079,M1.4,,2023-08-07 20:48:05,LASCO,2023-08-07 20:48:05,2023-08-07 20:39:45,Halo,360,1851,-0.7,2.3e+16*,4.0e+32*
CME0135,,,,,,2023-08-11 06:36:05,LASCO,2023-08-11 06:36:05,2023-08-11 06:27:45,93,190,1011,21.9,1.3e+16*,6.5e+31*
CME0136,,,,C5.1,,2023-08-17 12:36:06,LASCO,2023-08-17 12:36:06,2023-08-17 12:27:46,258,182,1018,-23.0,3.8e+15*,2.0e+31*
CME0137,,,SEP0082,,,2023-09-01 03:24:05,LASCO,2023-09-01 03:24:05,2023-09-01 03:15:45,Halo,360,1339,-12.0,,
CME0138,,,,M3.3,,2023-09-02 07:12:05,LASCO,2023-09-02 07:12:05,2023-09-02 07:03:45,228,156,1176,-25.3*,,
CME0139,,,,,,2023-09-03 05:24:05,LASCO,2023-09-03 05:24:05,2023-09-03 05:15:45,289,196,1190,13.1,,
CME0140,FLARE0165,,,M6.0,,2023-09-03 09:12:10,LASCO,2023-09-03 09:12:10,2023-09-03 09:03:50,305,249,1349,13.0,,
CME0141,,,,,,2023-09-05 14:00:05,LASCO,2023-09-05 14:00:05,2023-09-05 13:51:45,Halo,360,1539,38.4,,
CME0142,FLARE0167,,SEP0084,C3.7,X4,2023-09-08 11:36:05,LASCO,2023-09-08 11:36:05,2023-09-08 11:27:45,Halo,360,1001,-28.0,,
CME0143,FLARE0168,,SEP0085,,X4,2023-09-11 22:36:05,LASCO,2023-09-11 22:36:05,2023-09-11 22:27:45,Halo,360,1060,-19.4,,
CME0144,,,,,,2023-09-30 03:27:06,LASCO,2023-09-30 03:27:06,2023-09-30 03:18:46,277,12,1053,-115.8*,,
CME0145,,,SEP0088,,,2023-10-10 10:24:06,LASCO,2023-10-10 10:24:06,2023-10-10 10:15:46,Halo,360,1102,-5.6,,
CME0146,,,SEP0090,,,2023-10-26 23:14:06,LASCO,2023-10-26 23:14:06,2023-10-26 23:05:46,Halo,360,1238,-7.3,,
CME0147,FLARE0177,,,M6.3,M7,2023-12-15 07:48:06,LASCO,2023-12-15 07:48:06,2023-12-15 07:39:46,271,235,1018,-14.0,,
CME0148,FLARE0180,,SEP0098,,X6,2023-12-31 22:00:05,LASCO,2023-12-31 22:00:05,2023-12-31 21:51:45,Halo,360,2852,-133.5,,
CME0149,,,,C3.2,,2024-01-28 16:12:05,LASCO,2024-01-28 16:12:05,2024-01-28 16:03:45,310,56,1162,-8.6*,,
CME0150,FLARE0186,"FLARE0186,FLARE0187",,M6.8,C1,2024-01-29 04:24:05,LASCO,2024-01-29 04:24:05,2024-01-29 04:15:45,Halo,360,1554,-11.1,,
CME0151,FLARE0188,,,,X2,2024-02-02 13:36:30,LASCO,2024-02-02 13:36:30,2024-02-02 13:28:10,98,181,1361,-88.4,,
CME0152,FLARE0189,,,M5.1,,2024-02-07 03:24:05,LASCO,2024-02-07 03:24:05,2024-02-07 03:15:45,Halo,360,1452,3.7,,
CME0153,FLARE0190,,,C1.7,,2024-02-09 13:25:57,LASCO,2024-02-09 13:25:57,2024-02-09 13:17:37,Halo,360,2782,-10.7,,
CME0154,,,,,,2024-02-10 03:48:05,LASCO,2024-02-10 03:48:05,2024-02-10 03:39:45,Halo,360,1418,-4.6,,
CME0155,,,,C6.9,,2024-02-12 06:36:05,LASCO,2024-02-12 06:36:05,2024-02-12 06:27:45,Halo,360,2792,-136.6,,
CME0156,,,,,,2024-02-14 04:12:05,LASCO,2024-02-14 04:12:05,2024-02-14 04:03:45,Halo,360,2191,-121.0,,
CME0157,,,,,,2024-02-15 09:24:07,LASCO,2024-02-15 09:24:07,2024-02-15 09:15:47,Halo,360,1751,-35.3,,
CME0158,,,,,,2024-02-16 01:36:33,LASCO,2024-02-16 01:36:33,2024-02-16 01:28:13,Halo,360,1709,-91.6,,
CME0159,,,,,,2024-02-17 13:36:27,LASCO,2024-02-17 13:36:27,2024-02-17 13:28:07,Halo,360,1234,-20.1,,
CME0160,,,,,,2024-02-17 14:48:05,LASCO,2024-02-17 14:48:05,2024-02-17 14:39:45,Halo,360,1744,-124.6*,,
CME0161,,,,,,2024-02-18 10:00:05,LASCO,2024-02-18 10:00:05,2024-02-18 09:51:45,Halo,360,1152,-16.8,,
CME0162,,,,,,2024-02-21 02:12:05,LASCO,2024-02-21 02:12:05,2024-02-21 02:03:45,134,188,1014,-22.9,,
CME0163,,,,,,2024-02-22 00:12:05,LASCO,2024-02-22 00:12:05,2024-02-22 00:03:45,149,233,1085,-33.3,,
CME0164,,,,,,2024-03-15 01:59:31,LASCO,2024-03-15 01:59:31,2024-03-15 01:51:11,Halo,360,1007,84.6,,
CME0165,,,,,,2024-03-15 05:29:31,LASCO,2024-03-15 05:29:31,2024-03-15 05:21:11,269,34,1202,83.8*,,
CME0166,FLARE0205,,,X1.1,,2024-03-23 01:25:51,LASCO,2024-03-23 01:25:51,2024-03-23 01:17:31,Halo,360,1470,-14.9,,
CME0167,,,,,,2024-04-10 00:24:05,LASCO,2024-04-10 00:24:05,2024-04-10 00:15:45,121,122,1023,-29.1*,,
CME0168,,,,,,2024-04-11 05:00:06,LASCO,2024-04-11 05:00:06,2024-04-11 04:51:46,103,28,1093,-51.9*,,
CME0169,,,,C1.8,,2024-04-11 06:48:06,LASCO,2024-04-11 06:48:06,2024-04-11 06:39:46,162,257,1527,11.4,,
CME0170,,,,,,2024-04-11 10:12:05,LASCO,2024-04-11 10:12:05,2024-04-11 10:03:45,112,141,1515,-49.0,,
CME0171,,,,,,2024-04-11 14:36:05,LASCO,2024-04-11 14:36:05,2024-04-11 14:27:45,151,92,1008,4.2*,,
CME0172,FLARE0212,,,C3.6,,2024-04-11 17:12:05,LASCO,2024-04-11 17:12:05,2024-04-11 17:03:45,149,249,1489,-44.6,,
CME0173,FLARE0230,,,X2.2,,2024-05-09 09:24:05,LASCO,2024-05-09 09:24:05,2024-05-09 09:15:45,Halo,360,1280,-20.6,,
CME0174,FLARE0231,,,X1.1,,2024-05-09 18:52:00,LASCO,2024-05-09 18:52:00,2024-05-09 18:43:40,Halo,360,1024,-73.7*,,
CME0175,FLARE0234,,,X5.8,,2024-05-11 01:36:05,LASCO,2024-05-11 01:36:05,2024-05-11 01:27:45,Halo,360,1614,28.1,,
CME0176,FLARE0239,"FLARE0239,FLARE0240",,M1.2,C8,2024-05-13 08:48:06,LASCO,2024-05-13 08:48:06,2024-05-13 08:39:46,Halo,360,1690,129.9,,
CME0177,FLARE0245,"FLARE0245,FLARE0246",,M4.4,X8,2024-05-14 17:00:05,LASCO,2024-05-14 17:00:05,2024-05-14 16:51:45,Halo,360,2010,-89.9,,
CME0178,FLARE0245,"FLARE0245,FLARE0246",,M4.4,X8,2024-05-14 17:48:05,LASCO,2024-05-14 17:48:05,2024-05-14 17:39:45,Halo,360,1407,-40.3,,
CME0179,FLARE0247,,,,X9,2024-05-15 08:36:07,LASCO,2024-05-15 08:36:07,2024-05-15 08:27:47,Halo,360,1648,-23.9,,
CME0180,FLARE0248,,,X2.9,,2024-05-15 16:30:05,LASCO,2024-05-15 16:30:05,2024-05-15 16:21:45,138,190,1570,78.2*,,
CME0181,FLARE0249,,,,X9,2024-05-15 20:56:53,LASCO,2024-05-15 20:56:53,2024-05-15 20:48:33,Halo,360,1250,11.6,,
CME0182,,,,,,2024-05-16 08:12:05,LASCO,2024-05-16 08:12:05,2024-05-16 08:03:45,87,49,1216,1.6*,,
CME0183,FLARE0251,,,C3.3,X5,2024-05-16 13:36:29,LASCO,2024-05-16 13:36:29,2024-05-16 13:28:09,260,258,1102,-13.4,,
CME0184,FLARE0255,,,C4.8,X6,2024-05-17 12:48:05,LASCO,2024-05-17 12:48:05,2024-05-17 12:39:45,Halo,360,1160,-16.9,,
CME0185,FLARE0256,,,C2.7,,2024-05-17 21:12:10,LASCO,2024-05-17 21:12:10,2024-05-17 21:03:50,92,260,1098,-34.6,,
CME0186,FLARE0257,,,,X12,2024-05-20 05:36:05,LASCO,2024-05-20 05:36:05,2024-05-20 05:27:45,Halo,360,1459,-27.1,,
CME0187,FLARE0260,"FLARE0260,FLARE0261",,X2.8,X1,2024-05-27 07:24:05,LASCO,2024-05-27 07:24:05,2024-05-27 07:15:45,Halo,360,1291,-13.7,,
CME0188,,,,,,2024-06-05 01:25:53,LASCO,2024-06-05 01:25:53,2024-06-05 01:17:33,96,136,1193,-56.0,,
CME0189,FLARE0269,,,M3.3,,2024-06-08 01:48:05,LASCO,2024-06-08 01:48:05,2024-06-08 01:39:45,Halo,360,1427,40.0,,
CME0190,,,,,,2024-06-10 18:36:05,LASCO,2024-06-10 18:36:05,2024-06-10 18:27:45,290,249,1266,-3.7,,
CME0191,FLARE0275,,,C2.7,X3,2024-06-11 23:06:13,LASCO,2024-06-11 23:06:13,2024-06-11 22:57:53,Halo,360,1988,1.8,,
CME0192,,,,,,2024-06-19 13:25:55,LASCO,2024-06-19 13:25:55,2024-06-19 13:17:35,89,20,1136,-154.7*,,
CME0193,,,,,,2024-06-21 23:48:05,LASCO,2024-06-21 23:48:05,2024-06-21 23:39:45,66,268,1388,-34.8,,
CME0194,,,,,,2024-07-10 21:24:05,LASCO,2024-07-10 21:24:05,2024-07-10 21:15:45,Halo,360,1130,-47.0,,
CME0195,,,,C3.6,,2024-07-12 23:06:14,LASCO,2024-07-12 23:06:14,2024-07-12 22:57:54,86,186,1055,-23.3,,
CME0196,,,,,,2024-07-15 09:36:05,LASCO,2024-07-15 09:36:05,2024-07-15 09:27:45,63,80,1506,-26.5*,,
CME0197,,,,,,2024-07-16 00:36:05,LASCO,2024-07-16 00:36:05,2024-07-16 00:27:45,78,147,1082,-71.2*,,
CME0198,,,,M2.4,,2024-07-23 14:12:05,LASCO,2024-07-23 14:12:05,2024-07-23 14:03:45,Halo,360,1031,-6.5,,
CME0199,FLARE0298,,,M3.1,X1,2024-07-27 04:48:05,LASCO,2024-07-27 04:48:05,2024-07-27 04:39:45,Halo,360,1426,120.8*,,
CME0200,,,,,,2024-07-27 20:36:05,LASCO,2024-07-27 20:36:05,2024-07-27 20:27:45,291,17,1361,176.5*,,
CME0201,FLARE0307,,,M6.4,,2024-07-29 20:00:06,LASCO,2024-07-29 20:00:06,2024-07-29 19:51:46,145,104,1189,-17.8,,
CME0202,FLARE0309,,,M9.4,,2024-07-30 19:48:05,LASCO,2024-07-30 19:48:05,2024-07-30 19:39:45,133,176,1522,-91.7,,
CME0203,,,,,,2024-07-31 07:12:05,LASCO,2024-07-31 07:12:05,2024-07-31 07:03:45,250,190,1164,24.5*,,
CME0204,FLARE0311,,,M6.0,,2024-07-31 13:25:52,LASCO,2024-07-31 13:25:52,2024-07-31 13:17:32,141,116,1018,-4.9,,
CME0205,FLARE0312,,,M5.4,,2024-07-31 18:36:05,LASCO,2024-07-31 18:36:05,2024-07-31 18:27:45,Halo,360,1118,-8.4,,
CME0206,FLARE0314,"FLARE0314,FLARE0315",,M8.2,C9,2024-08-01 07:24:05,LASCO,2024-08-01 07:24:05,2024-08-01 07:15:45,Halo,360,1024,-5.3,,
CME0207,,,,,,2024-08-01 11:36:05,LASCO,2024-08-01 11:36:05,2024-08-01 11:27:45,130,123,1803,-49.2,,
CME0208,,,,,,2024-08-02 05:00:07,LASCO,2024-08-02 05:00:07,2024-08-02 04:51:47,269,203,1141,3.8,,
CME0209,FLARE0326,"FLARE0326,FLARE0327",,X1.7,,2024-08-05 13:48:06,LASCO,2024-08-05 13:48:06,2024-08-05 13:39:46,Halo,360,1155,-0.2,,
CME0210,,,,,,2024-08-17 19:12:05,LASCO,2024-08-17 19:12:05,2024-08-17 19:03:45,272,98,1053,-11.2*,,
CME0211,,,,,,2024-08-28 04:12:05,LASCO,2024-08-28 04:12:05,2024-08-28 04:03:45,81,176,1140,87.2,,
CME0212,FLARE0350,,,M5.5,,2024-09-01 12:00:05,LASCO,2024-09-01 12:00:05,2024-09-01 11:51:45,Halo,360,1381,53.5,,
CME0213,FLARE0351,,,M1.4,X3,2024-09-03 08:00:05,LASCO,2024-09-03 08:00:05,2024-09-03 07:51:45,Halo,360,1265,-23.5,,
CME0214,,,,,,2024-09-05 07:00:05,LASCO,2024-09-05 07:00:05,2024-09-05 06:51:45,Halo,360,1274,-46.1,,
CME0215,FLARE0354,,,,X4,2024-09-09 05:24:05,LASCO,2024-09-09 05:24:05,2024-09-09 05:15:45,Halo,360,1522,-35.2,,
CME0216,FLARE0361,,,X4.5,,2024-09-14 15:36:06,LASCO,2024-09-14 15:36:06,2024-09-14 15:27:46,Halo,360,2366,111.4,,
CME0217,,,,,,2024-09-18 12:36:05,LASCO,2024-09-18 12:36:05,2024-09-18 12:27:45,160,161,1437,-17.1*,,
CME0218,,,,M3.7,,2024-09-22 21:36:05,LASCO,2024-09-22 21:36:05,2024-09-22 21:27:45,Halo,360,1256,-11.9,,
CME0219,,,,,,2024-10-03 20:36:05,LASCO,2024-10-03 20:36:05,2024-10-03 20:27:45,258,210,1013,-12.2*,,
CME0220,,,,,,2024-10-08 06:06:09,LASCO,2024-10-08 06:06:09,2024-10-08 05:57:49,178,172,1095,-13.9,,
CME0221,FLARE0368,,,X1.8,M3,2024-10-09 02:12:06,LASCO,2024-10-09 02:12:06,2024-10-09 02:03:46,Halo,360,1435,-52.1,,
CME0222,FLARE0372,,,X3.3,X2,2024-10-24 03:48:05,LASCO,2024-10-24 03:48:05,2024-10-24 03:39:45,Halo,360,2385,0.3,,
CME0223,FLARE0373,"FLARE0373,FLARE0374,FLARE0375",,M9.5,M2,2024-10-26 06:36:05,LASCO,2024-10-26 06:36:05,2024-10-26 06:27:45,Halo,360,1914,67.4,,
CME0224,,,,M1.1,,2024-10-29 19:30:44,LASCO,2024-10-29 19:30:44,2024-10-29 19:22:24,240,232,1454,-298.1*,,
CME0225,,,,C5.9,,2024-11-21 18:12:05,LASCO,2024-11-21 18:12:05,2024-11-21 18:03:45,Halo,360,1436,-80.6,,
CME0226,,,,,,2024-11-25 18:00:06,LASCO,2024-11-25 18:00:06,2024-11-25 17:51:46,238,131,1210,33.4*,,
CME0227,,,,,,2024-12-17 16:00:05,LASCO,2024-12-17 16:00:05,2024-12-17 15:51:45,Halo,360,1786,-108.0,,
CME0228,FLARE0391,,,M3.8,M7,2024-12-19 18:16:54,LASCO,2024-12-19 18:16:54,2024-12-19 18:08:34,Halo,360,1078,-44.5,,
CME0229,,,,,,2024-12-21 20:00:05,LASCO,2024-12-21 20:00:05,2024-12-21 19:51:45,27,17,1109,0.1*,,
CME0230,,,,,,2024-12-24 20:12:07,LASCO,2024-12-24 20:12:07,2024-12-24 20:03:47,209,62,1204,-23.7*,,
